plot	type	species	plot.biomass.withGL	mono.total	mono.bag	mono.gl	mono.gl.total	mono.gl.bag												Collector	Date
1	Mono	BAPALB	14.2	25.5	11.3	0														ALT	10/11/2017
2	Plug	ML.7316.rep1	Total B	CAMROT	ZIZAUR	ECHPUR	DESILL	ANECYL	PHYVIR	OENPIL	SILLAC	PYCTEN	ZIZAPT	HYPPUN	ASCSYR	OLIRIG	CXBLAN	AGANEP	GL	ALT	10/11/2017
			1704.6	0.3	82.2	0.2	11.6	1.1	84.4	21.9	20.9	16.3	13.4	0.2	-0.1	1143.9	28.8	203.3	76.2		
			Tot. Weight	11.4	103.4	11.4	22.8	12.4	105.7	33	42.2	27.4	24.7	11.4	11.1	1239.9	40	251.5	87.4		
			Bag Weight	11.1	21.2	11.2	11.2	11.3	21.3	11.1	21.3	11.1	11.3	11.2	11.2	96	11.2	48.2	11.2		
3	Mono	BLECIL	73.5	94.7	21.2	0															11/8/2017
4	Mono	SOLSPE	97.6	119.1	21.5	0															11/8/2017
5	Mono	CEAAME	38.5	43.9	11.3	5.9	10.2	4.3													11/8/2017
6	Mono	TRAOHI	70.2	70.4	11.2	11	15.3	4.3													
7	Mono	LIAPYC	196.2	201.8	21.4	15.8	20	4.2													
8	Mono	PYCVIR	123.6	105.1	11.3	29.8	34.1	4.3												ALT	11/8/2017
12	Mono	HELHEL	300.1	311.1	21.2	10.2	14.5	4.3													11/8/2017
15	Plug	HH.1372866.rep1	Total B	SPIALB	HIEODO	TEUCAN	ANEVIR	ANECYL	HELSTR	ROSCAR	TRAOHI	CXBREV	SORNUT	SILLAC	MAIRAC	ZIZAPT	CAMSCI	CHAFAS	GL	ALT	10/16/2017
			324.6	10.1	47	0.5	1	14.4	5.1	32.1	38.7	78.6	24.3	21.1	0	43.7	0	0	8		
			Tot. Weight	14.4	58.2	4.8	5.2	18.6	9.4	43.3	49.9	99.8	35.4	32.3	0	54.9	0	0	12.3		
			Bag Weight	4.3	11.2	4.3	4.2	4.2	4.3	11.2	11.2	21.2	11.1	11.2	0	11.2	0	0	4.3		
16	Mono	SILINT	192.6	205.8	21.3	8.1	12.4	4.3													11/9/2017
17	Mono	JUNINT	49.5	59.4	11.3	1.4	5.6	4.2													11/8/2017
18	Mono	RUEHUM	26.8	13.5	4.3	17.6	21.9	4.3													11/9/2017
19	Mono	HELSTR	0			0															
20	Mono	CXBLAN	87.9	105.6	21.3	3.6	7.8	4.2													11/9/2017
21	Mono	HIEODO	127.5	131.6	21.3	17.2	28.4	11.2													11/9/2017
22	Plug	MH.1825752.rep1	Total B	RATPIN	GENAND	SENHEB	LILMIC	ALLCAN	CXBLAN	AMOCAN	SOLNEM	VERGIG	VERSTR	BOUCUR	SPOHET	ASCSYR	BAPBRA	DALCAN	GL	ALT	10/10/2017
			176.9	1.5	5.4	47.1	0	0.7	7.8	0.3	24.4	49.2	0.5	32.1	6.3	0.8	0.2	0.6	0		
			Tot. Weight	5.8	9.6	58.3	0	5	12.2	4.5	35.7	70.4	4.8	43.2	10.5	5	4.5	4.8	0		
			Bag Weight	4.3	4.2	11.2	0	4.3	4.4	4.2	11.3	21.2	4.3	11.1	4.2	4.2	4.3	4.2	0		
24	Plug	LH.1211957.rep1	Total B	LILMIC	SCHSCO	AGANEP	PENHIR	SYMLAE	ECHPAL	THADAS	ECHPUR	ERASPE	HYPPUN	AGATEN	CASCOC	SORNUT	AGASCR	ELYCAN	GL	ALT	10/13/2017
			1420.3	0	3.5	559.7	51.9	21.4	25.1	18.6	68.5	2.3	1.7	0	0	152.5	0.4	404.2	110.5		
			Tot. Weight	0	14.7	608.3	63.2	32.6	36.3	29.8	89.7	13.6	6	0	0	173.7	4.7	453	121.7		
			Bag Weight	0	11.2	48.6	11.3	11.2	11.2	11.2	21.2	11.3	4.3	0	0	21.2	4.3	48.8	11.2		
25	Mono	KOEMAC	151.5	186.5	48.9	13.9	18.2	4.3													11/9/2017
27	Mono	ANECAN	138.9	78.6	11.3	71.6	82.9	11.3													11/9/2017
29	Mono	HELMOL	346.8	337.8	48.9	57.9	69.1	11.2													11/7/2017
30	Mono	CORPAL	59.3	70.5	11.2	0															11/8/2017
32	Mono	CXANNE	164.9	186.2	21.3	0															11/8/2017
33	Mono	LIASPI	73.1	94.4	21.3	0															11/8/2017
34	Mono	OLIRIG	442.6	414	4.8	33.4	44.6	11.2													11/8/2017
35	Plug	MH.928535.rep1	Total B	LILMIC	DSMILL	BROKAL	HELMOL	PENHIR	BAPBRA	HEURIC	KOEMAC	PANVIR	SENHEB	ALLCAN	DODMEA	SILTER	HIEODO	VERMIS	GL	ALT	10/16/2017
			878	0	1.2	1.5	363.2	0.1	0.1	21.6	101.3	75.3	0.5	0	1.5	279.9	26.8	0.4	4.6		
			Tot. Weight	0	5.5	5.8	459.2	4.4	4.4	32.8	122.5	96.3	4.7	0	5.7	291.1	37.9	4.8	8.9		
			Bag Weight	0	4.3	4.3	96	4.3	4.3	11.2	21.2	21	4.2	0	4.2	11.2	11.1	4.4	4.3		
36	Plug	HH.782981.rep1	Total B	HELAUT	PYCVIR	TRAOHI	AMOCAN	ROSCAR	AGATEN	CXBICK	SOLSPE	ALLCAN	ANECAN	LIASCN	OENPIL	CEAAME	ZIZAPT	ROSSET	GL	ALT	10/13/2017
			774.8	498	2.5	31.8	0	9.3	-0.1	7.3	64.2	2.1	27.7	69.6	31.1	0.8	16.5	14	0		
			Tot. Weight	595.9	23.6	42.9		13.6	4.2	7.5	85.4	6.4	38.9	90.9	42.3	5.1	27.7	18.2	0		
			Bag Weight	97.9	21.1	11.1		4.3	4.3	0.2	21.2	4.3	11.2	21.3	11.2	4.3	11.2	4.2	0		
38	Mono	BAPBRA	6.4	10.7	4.3	0															11/9/2017
39	Mono	RATPIN	278.1	281.7	49.3	45.7	49.9	4.2													11/9/2017
40	Mono	ANTNEG	11.5	15.8	4.3	0															
41	Mono	TEUCAN	396.4	374.4	96.4	118.4	139.6	21.2												ALT	10/11/2017
42	Plug	ML.520465.rep1	Total B	HEURIC	JUNINT	HYPPYR	MONFIS	ROSBLA	SYMERI	DALPUR	SPOHET	PENHIR	POTARU	CXGRAV	SILLAC	EUPALT	DALCAN	CXNORM	GL	ALT	10/16/2017
			1777.5	15.6	0	90.2	501.1	7.2	931.2	0.1	3	0.5	72.3	33.5	0	0	0	57	65.8		
			Tot. Weight	19.9	0	111.4	509.1	11.5	1048.9	4.4	7.2	4.8	83.6	44.8	0	0	0	68.2	77.1		
			Bag Weight	4.3	0	21.2	8	4.3	117.7	4.3	4.2	4.3	11.3	11.3	0	0	0	11.2	11.3		
43	Mono	VIOPDF	12.1	10.8	4.3	5.6	9.9	4.3													11/9/2017
44	Plug	CONTROL																			
46	Mono	SCHSCO	181.5	190.5	21.3	12.3	16.5	4.2													11/9/2017
47	Plug	MH.831258.rep1	Total B	LILMIC	ALLCER	BAPALB	BAPBRA	HELMOL	MONBRA	CEAAME	VERGIG	ERYYUC	SENHEB	AGATEN	OLIRIG	ASCSYR	PENDIG	ERASPE	GL	ALT	10/16/2017
			1539.7	0	9.5	1	0.2	1352.5	20.3	0.3	0.5	24	0.4	0	2	0	96.2	12	20.8		
			Tot. Weight	0	13.8	5.3	4.5	1498	31.6	4.6	4.8	35.3	4.7	0	6.2	0	107.5	16.3	25.1		
			Bag Weight	0	4.3	4.3	4.3	145.5	11.3	4.3	4.3	11.3	4.3	0	4.2	0	11.3	4.3	4.3		
48	Mono	ASCSYR	0			0															
51	Mono	ALLCER	66.5	77.7	11.2	0															11/9/2017
52	Mono	ALLCAN	3.1	7.3	4.2	0															11/9/2017
53	Mono	EUPCOR	28.9	32.6	4.2	0.5	4.7	4.2													11/9/2017
54	Mono	ASCSUL	8.5	15.8	11.2	3.9	8.2	4.3													11/9/2017
56	Mono	SILLAC	91.8	110.9	21.3	2.2	6.4	4.2													11/9/2017
58	Plug	CONTROL																			
59	Mono	BOUCUR	125.1	142	21.3	4.4	8.7	4.3													11/9/2017
60	Plug	HL.456657.rep1	Total B	MONFIS	ZIZAPT	ANECYL	SENHEB	SYMNOV	VERGIG	ASCTUB	KOEMAC	AMOCAN	CHAFAS	ALLCAN	HEURIC	HYPPUN	CAMROT	VERVIR	GL	ALT	10/18/2017
			1503.8	136.1	8.3	0	6.3	1232.1	1.2	5.6	53.2	0.1	0	9.2	29.3	0	19.5	2.9	0		
			Tot. Weight	157.4	19.6	0	17.6	1349.8	12.4	16.9	64.5	4.4	0	13.4	33.6	0	23.7	7.2	0		
			Bag Weight	21.3	11.3	0	11.3	117.7	11.2	11.3	11.3	4.3	0	4.2	4.3	0	4.2	4.3	0		
61	Plug	HL.246518.rep1	Total B	EUPCOR	BRIEUP	TRAOHI	ASCTUB	TEUCAN	ASCHIR	POTARU	OENPIL	BLECIL	LILMIC	ANECYL	VERGIG	MAIRAC	DALPUR	CXGRAV	GL	ALT	10/18/2017
			288.9	8.5	18.1	39.2	0	21.1	0	112.4	5.8	24	0	1	7.9	0	10.3	40.6	0		
			Tot. Weight	12.7	22.3	50.4	0	25.3	0	123.6	10.1	28.3	0	5.2	12.2	0	14.5	51.9	0		
			Bag Weight	4.2	4.2	11.2	0	4.2	0	11.2	4.3	4.3	0	4.2	4.3	0	4.2	11.3	0		
63	Mono	SOLNEM	199.6	216.1	21.2	4.7	8.9	4.2													11/9/2017
65	Mono	SENMAR	9.5	13.8	4.3	0															
66	Mono	PHLPIL	1.3	5.5	4.2	0															
68	Mono	ANDGER	132.8	153	22.7	2.5	6.8	4.3													11/9/2017
69	Mono	ZIZAUR	139.6	157.9	21.2	2.9	7.1	4.2													11/9/2017
71	Mono	SENHEB	0			0															
72	Mono	SYMERI	1060.7	1141.8	118.9	37.8	42.1	4.3													11/9/2017
73	Mono	BRIEUP	172.4	158.2	21.2	35.4	39.6	4.2													11/9/2017
75	Mono	LIASCN	437.9	487.5	49.6	0															11/9/2017
76	Mono	CXGRAV	47.1	68.3	21.2	0															11/9/2017
77	Mono	PANVIR	178.8	200.1	21.3	0															
78	Plug	LH.389271.rep1	Total B	ASCHIR	CXMOLE	SOLNEM	AGATEN	CHAFAS	LIAPYC	BROKAL	SENMAR	BLECIL	ANTNEG	CXBLAN	AGANEP	CASCOC	JUNTEN	ERASPE	GL	ALT	10/20/2017
			248.7	0.6	111.6	5.8	0	4	42.8	2	0.1	0.9	0	41.1	29.6	0	2.4	7.8	0		
			Tot. Weight	4.8	132.8	6.1	0	8.3	54	6.3	4.4	5.2	0	52.4	50.8	0	6.7	12	0		
			Bag Weight	4.2	21.2	0.3	0	4.3	11.2	4.3	4.3	4.3	0	11.3	21.2	0	4.3	4.2	0		
79	Plug	HH.1018148.rep1	Total B	ERYYUC	SPOHET	AGATEN	CASCOC	ASCHIR	SILLAC	CHAFAS	BROKAL	BAPALB	ALLCAN	CXBLAN	ANECYL	VIOPDF	HEURIC	SISANG	GL		
			232.7	2.4	17.8	0	0	0	14	71.3	1	0	2.7	51.7	3.8	0	40.8	14.1	13.1		
			Tot. Weight	6.6	22				18.3	82.6	5.2		7	62.9	8		41.1	26.8	17.4		
			Bag Weight	4.2	4.2				4.3	11.3	4.2		4.3	11.2	4.2		0.3	12.7	4.3		
80	Mono	AGASCR	202.3	151.5	11.1	61.9	73	11.1													11/9/2013
81	Mono	MONBRA	136.5	86.4	21.4	71.5	82.7	11.2													11/20/2017
82	Plug	LL.305726.rep1	Total B	EUPALT	PYCTEN	PYCVIR	PYCPIL	CAMROT	BLECIL	HELPAU	MAIRAC	ZIZAPT	ASCSUL	ASCSYR	PHYVIR	AMOCAN	HELOCC	ROSCAR	GL	ALT	10/20/2017
			1373.1	2.6	62.4	16.4	56.1	0.2	0	1028	0	19.5	1.2	0	35.7	0.3	0	7.3	143.4		
			Tot. Weight	6.9	83.7	37.7	67.5	4.5		1173.6	0	30.7	5.4	0	56.9	4.6	0	18.5	164.7		
			Bag Weight	4.3	21.3	21.3	11.4	4.3	0	145.6	0	11.2	4.2	0	21.2	4.3	0	11.2	21.3		
83	Mono	JUNDUD	29	40.3	11.3	0															11/9/2017
84	Mono	DALPUR	34.2	45.4	11.2	0															11/9/2017
86	Mono	JUNTEN	13.3	24.7	11.4	0															11/9/2017
87	Plug	LH.1417663.rep1	Total B	CXBLAN	CXBICK	BOUCUR	CASCOC	ANECAN	SENHEB	PENHIR	ALLCER	CHAFAS	HIEODO	DSMILL	SORNUT	PYCPIL	CXBREV	ANDGER	GL	ALT	10/30/2017
			146.7	2.5	0	9.7	0	4.4	0.4	86.3	0	0	28.4	0.5	0	1.2	0	13.3	0		
			Tot. Weight	6.8		14		8.7	4.7	107.6			39.7	4.8		5.5		17.5	0		
			Bag Weight	4.3		4.3		4.3	4.3	21.3			11.3	4.3		4.3		4.2	0		
88	Plug	LL.1091767.rep1	Total B	JUNDUD	MONFIS	MONBRA	ASCSUL	BRIEUP	HELHEL	HELMOL	VERSTR	ERASPE	ELYCAN	PYCVIR	LESCAP	CXBICK	CAMROT	BAPALB	GL		11/3/2017
			732	0.8	295.7	6.4	0	10.4	51	174	0	8.7	71.7	87.1	0	25.4	0	0.8	0		
			Tot. Weight	5.1	365.1	10.7		14.6	62.3	195.4		12.9	83	108.5		36.7		5.1	0		
			Bag Weight	4.3	69.4	4.3		4.2	11.3	21.4		4.2	11.3	21.4		11.3		4.3	0		
89	Mono	RUDTRI	0			0															
91	Mono	DESCAN	74	78.3	4.3	0															11/9/2017
92	Plug	LH.1773854.rep1	Total B	SPOHET	PENDIG	DSMILL	ROSSET	DESILL	SORNUT	ERASPE	ASCHIR	SENMAR	PENHIR	ANDGER	HELPAU	BAPALB	RUDFUL	ASCVER	GL	ALT	10/16/2017
			2638.2	1.5	153.5	0.2	69.2	7.4	73.9	0.7	0	0	24.6	0.4	2146.1	0	119.4	0.3	41		
			Tot. Weight	5.7	174.8	4.4	90.5	11.7	95.3	5	0	0	28.8	4.7	2388.5	0	140.6	4.5	45.3		
			Bag Weight	4.2	21.3	4.2	21.3	4.3	21.4	4.3	0	0	4.2	4.3	242.4	0	21.2	4.2	4.3		
93	Mono	HYPPYR	161	166.8	21.4	15.6	19.8	4.2													11/9/2017
94	Plug	MH.1666090.rep1	Total B	BOUCUR	AGATEN	ROSSET	ROSBLA	PYCVIR	LESCAP	DSMILL	ALLCAN	ANDGER	POLREP	ERASPE	HEURIC	SILLAC	ARNPLA	ROSCAR	GL		11/6/2017
			317.2	50.8	0	39.3	29.3	4.7	7.4	0.4	0	38.4	25.4	6.7	2.5	23.4	50.2	8.8	29.9		
			Tot. Weight	62.1		60.6	50.6	9	11.7	4.7		49.7	36.8	11	6.8	34.8	61.4	20	34.1		
			Bag Weight	11.3		21.3	21.3	4.3	4.3	4.3		11.3	11.4	4.3	4.3	11.4	11.2	11.2	4.2		
95	Plug	HH.1124950.rep1	Total B	ANEVIR	CXBICK	POLBIC	ROSCAR	ECHPAL	POLREP	OENPIL	AMOCAN	SYMNOV	RUDFUL	ELYCAN	SPOHET	PHYVIR	LILMIC	BAPBRA	GL		11/6/2017
			1790	7.1	17.3	0	6.6	9.1	-0.1	25.9	0	1253	97.6	191	2.4	65.3	0	0	114.8		
			Tot. Weight	11.4	21.6		10.8	13.4	4.2	30.1		1349.5	108.8	212.4	6.6	76.5		4.2	126.1		
			Bag Weight	4.3	4.3		4.2	4.3	4.3	4.2		96.5	11.2	21.4	4.2	11.2		4.2	11.3		
96	Plug	ML.975885.rep1	Total B	RUDTRI	MONBRA	DALPUR	ASCHIR	AGANEP	ARNPLA	SILINT	KOEMAC	VERSTR	SISANG	ROSBLA	HEURIC	AGASCR	PYCVIR	ZIZAPT	GL	ALT	10/20/2017
			1037.1	20.2	36.6	0.7	0.1	535.5	15.3	38.6	69.7	0.8	15.9	13.3	3.4	114.8	30.8	19	122.4		
			Tot. Weight	31.4	47.9	4.9	4.3	605.3	26.6	49.8	91	5	27.1	24.5	7.7	163.2	42	30.2	133.7		
			Bag Weight	11.2	11.3	4.2	4.2	69.8	11.3	11.2	21.3	4.2	11.2	11.2	4.3	48.4	11.2	11.2	11.3		
97	Mono	CXBICK	27.7	39	11.3	0															
100	Mono	GENAND	19.5	23.8	4.3	0															11/9/2017
101	Mono	PENDIG	231.4	264.6	48.3	15.1	19.4	4.3													11/9/2017
103	Mono	CAMROT	22.6	33.8	11.2	0															11/9/2017
105	Plug	ML.1623993.rep1	Total B	KOEMAC	MONFIS	TEUCAN	POLBIC	PENHIR	POTARU	SYMSER	SYMLAE	DESILL	ASCSYR	PHLPIL	SENMAR	RUDSUB	DSMILL	BAPALB	GL	ALT	10/23/2017
			785.6	53.7	157.7	5.9	0	51.2	43.3	0	54.7	11	1	0	0	349.2	5.6	1.3	51		
			Tot. Weight	65	178.9	17.1	0	62.5	54.5	0	66	22.2	5.3	0	0	397.8	9.9	5.5	62.3		
			Bag Weight	11.3	21.2	11.2	0	11.3	11.2	0	11.3	11.2	4.3	0	0	48.6	4.3	4.2	11.3		
106	Mono	PHYVIR	131.1	152.5	21.4	0															11/9/2017
107	Mono	AGATEN	0			0															
108	Mono	PARINT	114.7	136	21.3	0															11/9/2017
109	Mono	HELAUT	204.6	249.5	49.6	4.7	9	4.3													11/13/2017
111	Mono	SYMNOV	259.4	287.4	49.8	21.8	26.1	4.3													11/13/2017
114	Mono	HELPAU	222.8	246.3	49.7	26.2	30.5	4.3													11/13/2017
115	Mono	EUTGRA	128.3	140.6	21.3	9	13.2	4.2													11/13/2017
117	Mono	VERGIG	89.9	93.9	21.2	17.2	21.5	4.3													11/13/2017
119	Mono	ASTCAN	49.3	69.8	21.2	0.7	5	4.3													11/13/2017
120	Plug	HL.1338677.rep1	Total B	CXANNE	MAIRAC	HYPPYR	RUEHUM	DODMEA	HELHEL	ASCSUL	CAMROT	ERYYUC	HELMOL	VERSTR	MONFIS	OENPIL	DSMILL	VIOPDF	GL	ALT	10/23/2017
			1196.7	72.6	0	1.2	0.7	0.2	8.1	0	0.7	7.6	784	0	265.5	9.6	19.4	0.7	26.4		
			Tot. Weight	93.8	0	5.4	5	4.5	19.3	0	5	11.8	880.4	0	313.9	13.9	23.7	5	37.6		
			Bag Weight	21.2	0	4.2	4.3	4.3	11.2	0	4.3	4.2	96.4	0	48.4	4.3	4.3	4.3	11.2		
121	Mono	LESCAP	26.6	38	11.4	0															11/13/2017
122	Mono	CAMSCI	0			0															
123	Mono	DESILL	71.1	53.8	11.2	28.5	32.7	4.2													11/13/2017
124	Plug	LL.653844.rep1	Total B	ASCTUB	BLECIL	HELHEL	BAPBRA	ASCHIR	VIOPDF	CXGRAV	AGASCR	SOLNEM	PYCVIR	AGANEP	RUDHIR	ASCSUL	DALPUR	OENPIL	GL	ALT	10/23/2017
			921.4	0.5	0	146.6	0	0	0	50.2	27.8	25.2	8.4	544.3	2.5	5.4	0.5	4.7	105.3		
			Tot. Weight	4.8		168			4.3	61.4	39	40.7	12.7	615.2	6.8	9.6	4.8	9	116.4		
			Bag Weight	4.3		21.4			4.3	11.2	11.2	15.5	4.3	70.9	4.3	4.2	4.3	4.3	11.1		
125	Mono	BROKAL	10.2	21.4	11.2	0															
126	Mono	CHAFAS	139	53.2	21.4	107.2	118.5	11.3													11/9/2017
127	Mono	POTARU	8	12.2	4.2	0															11/14/2017
128	Plug	LL.1368877.rep1	Total B	AGASCR	SOLJUN	BROKAL	HYPPYR	ECHPUR	KOEMAC	ELYCAN	BAPALB	HELAUT	OENPIL	RUEHUM	PYCVIR	HIEODO	GENAND	DESILL	GL		11/3/2017
			886.8	108.2	255.8	0	4.1	32	47.7	0.8	0	220.2	4.7	0	98.6	85.2	0	0.3	29.2		
			Tot. Weight	129.5	303.9		8.3	53.3	68.9	5.1		289.4	15.9		119.9	96.5		4.5	33.5		
			Bag Weight	21.3	48.1		4.2	21.3	21.2	4.3		69.2	11.2		21.3	11.3		4.2	4.3		
129	Mono	ECHPUR	4.2	8.5	4.3	0															11/13/2017
130	Mono	CXBREV	98.9	142.7	48.5	4.7	9	4.3													
131	Mono	SILTER	71.9	93.2	21.3	0															11/13/2017
132	Mono	SPOHET	53.8	58.5	21.1	16.4	20.7	4.3													11/13/2017
133	Mono	ROSCAR	113.8	135	21.2	0															11/13/2017
134	Mono	RUDHIR	31.3	42.6	11.3	0															
135	Plug	HL.1403369.rep1	Total B	POLBIC	SILINT	PARINT	ANECYL	PYCVIR	HEURIC	VERFAS	LESCAP	ALLCER	ZIZAPT	POTARU	ZIZAUR	VIOPDF	KOEMAC	GENAND	GL	ALT	10/23/2017
			418.9	0	186.3	25.1	4.3	0.5	37.5	0	1.9	1.3	6.1	2	67.7	0	44.2	7.5	34.5		
			Tot. Weight		234.6	33.6	8.6	4.8	48.8		6.2	5.6	10.3	6.3	89.1		55.4	11.7	45.6		
			Bag Weight		48.3	8.5	4.3	4.3	11.3		4.3	4.3	4.2	4.3	21.4		11.2	4.2	11.1		
136	Mono	ROSBLA	151.7	140.1	21.3	32.9	37.2	4.3							 						11/13/2017
137	Mono	THADAS	100.8	87.8	21.3	34.3	38.5	4.2													11/13/2017
140	Mono	AGANEP	152.7	105.1	21.2	68.8	80	11.2													11/13/2017
141	Mono	EUPALT	150.9	158.6	21.2	13.5	24.7	11.2													11/13/2017
142	Mono	ASCVER	32	43.3	11.3	0															11/9/2017
143	Mono	OENPIL	34.2	45.5	11.3	0															11/9/2017
144	Mono	ZIZAPT	93.3	70.4	11.2	34.1	45.4	11.3													11/9/2017
145	Mono	LILMIC	0			0															
146	Mono	RUDFUL	401.4	438.8	49.6	12.2	16.5	4.3													11/13/2017
148	Plug	ML.585975.rep1	Total B	EUPCOR	BAPALB	CEAAME	CXGRAV	PHLPIL	EUPALT	BRIEUP	ALLCAN	DALPUR	CXNORM	GENAND	HYPPYR	PHYVIR	VERMIS	MONBRA	GL	ALT	11/1/2017
			243.4	0.5	1.1	1.1	30.5	0	46.5	32.5	1.8	8.5	10.5	2.7	12.3	63.2	0	0	32.2		
			Tot. Weight	4.7	5.4	5.4	41.8		57.7	43.6	6	12.8	21.8	7	16.5	74.4			36.4		
			Bag Weight	4.2	4.3	4.3	11.3		11.2	11.1	4.2	4.3	11.3	4.3	4.2	11.2			4.2		
149	Mono	ASCTUB	41.9	53.1	11.2		26.9	11.3													11/13/2017
152	Plug	LH.1681808.rep1	Total B	SPOHET	KOEMAC	AMOCAN	AGANEP	CXBLAN	CXBICK	SORNUT	SCHSCO	POLBIC	BRIEUP	OLIRIG	CXNORM	CASCOC	LIASPI	CEAAME	GL	ALT	10/30/2017
			507.8	0	44.2	3.4	203.2	12.5	4.6	25	2.9	0	0	1.9	30.5	0	179.6	0	0		
			Tot. Weight		55.5	7.6	252.7	16.8	8.9	36.2	7.2			6.1	41.8		201		0		
			Bag Weight		11.3	4.2	49.5	4.3	4.3	11.2	4.3			4.2	11.3		21.4		0		
153	Mono	RUDSUB	19.4	30.7	11.3	0															11/13/2017
155	Mono	ARNPLA	292.4	226.2	21.3	87.5	98.7	11.2													11/13/2017
156	Mono	LIAASP	230.4	241.7	11.3	0															11/13/2017
157	Mono	VERMIS	61.2	68.1	11.3	4.4	15.7	11.3													11/13/2017
158	Mono	HYPPUN	0.4	4.6	4.2	0															11/13/2017
159	Plug	LL.567931.rep1	Total B	DODMEA	BLECIL	VERSTR	PENDIG	CXNORM	CXBICK	CXMOLE	PYCTEN	RUEHUM	EUPCOR	VERMIS	SISANG	PYCVIR	RUDHIR	CXANNE	GL		11/8/2017
			587.3	0	24.8	0.1	139	16.1	1.9	49.1	163.8	0	0.9	0	19.2	79.6	0.7	78.9	13.2		
			Tot. Weight		33.4	4.3	150.2	27.3	6.2	71.5	189.3		5.2		30.3	102	5	111.3	24.4		
			Bag Weight		8.6	4.2	11.2	11.2	4.3	22.4	25.5		4.3		11.1	22.4	4.3	32.4	11.2		
160	Plug	MH.1987913.rep1	Total B	HIEODO	HEURIC	DALPUR	EUTGRA	SOLNEM	TRAOHI	CXBLAN	ROSCAR	CAMSCI	PANVIR	ANDGER	MONBRA	ALLCER	PARINT	JUNDUD	GL	ALT	10/30/2017
			399.1	10.7	21.6	0	174	26	11.9	20.5	1.5	0	41.7	3.3	36.5	0	25.5	6.2	19.7		
			Tot. Weight	15	25.8		185.3	30.2	16.1	31.7	5.7		52.9	7.6	47.6		29.7	10.5	24		
			Bag Weight	4.3	4.2		11.3	4.2	4.2	11.2	4.2		11.2	4.3	11.1		4.2	4.3	4.3		
163	Plug	HH.1709432.rep1	Total B	ROSSET	ASCTUB	THADAS	AGANEP	JUNDUD	HELMOL	TRAOHI	HELHEL	BAPBRA	POLREP	MAIRAC	ZIZAPT	CEAAME	VIOPDF	ERASPE	GL	ALT	10/23/2017
			747.8	1.4	3.7	29.5	171.1	2.8	400.6	35.7	8.3	0.4	5.5	0	25.6	5.9	0	1.8	55.5		
			Tot. Weight	5.6	8	40.7	220.8	7.1	450.2	46.9	12.6	4.7	9.8		36.8	10.2		6.1	66.7		
			Bag Weight	4.2	4.3	11.2	49.7	4.3	49.6	11.2	4.3	4.3	4.3		11.2	4.3		4.3	11.2		
164	Mono	CASCOC	0			0															
165	Mono	SPIALB	103.1	72.8	11.3	41.6	52.8	11.2													11/13/2017
166	Mono	ELYCAN	79.3	100.6	21.3	0															11/13/2017
167	Mono	SYMLAE	391.4	436.6	49.8	4.6	8.9	4.3													11/13/2017
168	Mono	MONFIS	345.02	329.9	48.88	64	68.3	4.3													11/13/2017
169	Mono	ERYYUC	104	123.7	21.3	1.6	5.9	4.3													11/13/2017
170	Mono	ASCHIR	0			0															
172	Plug	MH.75072.rep1	Total B	ASCVER	MAIRAC	DESCAN	BAPBRA	AGATEN	ASCSUL	PHYVIR	SOLNEM	LILMIC	DSMILL	SILTER	CASCOC	BROKAL	HELSTR	CXBLAN	GL	ALT	10/27/2017
			206.6	0.5	0	20.3	2.8	0.2	6.5	123	25.1	0	0.9	1.7	0	0.2	0	6.9	18.5		
			Tot. Weight	4.8		31.5	7.1	4.4	10.7	144.4	36.3		5.2	5.9		4.5		11.2	22.7		
			Bag Weight	4.3		11.2	4.3	4.2	4.2	21.4	11.2		4.3	4.2		4.3		4.3	4.2		
173	Mono	MAIRAC	0			0															
174	Plug	HH.623705.rep1	Total B	VIOPDF	CEAAME	JUNTEN	ZIZAUR	HYPPYR	SISANG	ERYYUC	ZIZAPT	ALLCAN	AMOCAN	CHAFAS	SILTER	CASCOC	ERASPE	POLBIC	GL	ALT	10/30/2017
			186.7	0.4	0.2	0	0	0.1	0	0	160	0	0	0	0	0	0	0	26		
			Tot. Weight	4.7	4.5			4.3			181.3					4.2			30.2		
			Bag Weight	4.3	4.3			4.2			21.3					4.2			4.2		
175	Mono	AMOCAN	2.3	6.5	4.2	0															11/13/2017
176	Mono	PYCPIL	236.3	212.6	21.3	45	49.2	4.2													11/13/2017
177	Mono	SYMSER	84.9	85.3	11.3	10.9	15.2	4.3													11/13/2017
178	Mono	POLREP	44.3	65.6	21.3	0															11/13/2017
180	Mono	SISANG	0			0															
181	Plug	LH.236970.rep1	Total B	BAPBRA	CHAFAS	BRIEUP	AGANEP	SORNUT	LIAASP	ELYCAN	CASCOC	BOUCUR	AMOCAN	CXANNE	LIAPYC	ERYYUC	PANVIR	CXBLAN	GL		11/6/2017
			426.2	0.3	0	0	221.4	49.6	0	29.2	0	9.8	0	44.9	38.5	22.5	6	4	0		
			Tot. Weight	4.5			242.8	60.8		33.4		14		56.2	49.7	33.9	10.3	8.3	0		
			Bag Weight	4.2			21.4	11.2		4.2		4.2		11.3	11.2	11.4	4.3	4.3	0		
183	Mono	DODMEA	12.2	23.4	11.2	0															11/14/2017
184	Plug	CONTROL																			
186	Mono	DSMILL	216.3	238.8	22.5	0															11/14/2017
187	Mono	ROSSET	141.7	138.1	21.2	24.8	36.1	11.3													11/14/2017
188	Plug	HL.1817876.rep1	Total B	POLBIC	MONBRA	DALPUR	PARINT	HYPPUN	TEUCAN	ANECYL	AGASCR	EUPCOR	GENAND	ASCSYR	ANDGER	PHLPIL	SENHEB	CEAAME	GL	ALT	10/30/2017
			302.1	0	97.8	0	34.9	0	24.6	0	132	0	2.7	0	0	0	8.8	1.3	0		
			Tot. Weight		119.2		39.2		35.9		153.4		6.9				13.1	5.6	0		
			Bag Weight		21.4		4.3		11.3		21.4		4.2				4.3	4.3	0		
189	Mono	HEURIC	136.5	150.2	21.3	7.6	19	11.4													11/14/2017
190	Mono	VERSTR	4.3	15.5	11.2	0															11/14/2017
191	Mono	PYCTEN	197.3	188.5	11.3	20.1	31.4	11.3													
193	Mono	HELOCC	307	300.9	21.4	27.5	38.9	11.4													11/14/2017
197	Mono	ANEVIR	18.5	29.7	11.2	0															11/14/2017
198	Mono	VERFAS	58.2	49.4	11.2	20	24.3	4.3													11/13/2017
199	Plug	ML.628076.rep1	Total B	POTARU	VIOPDF	POLREP	PYCPIL	SYMERI	CAMROT	PHLPIL	SYMOOL	MONBRA	DALPUR	OENPIL	CXANNE	ELYCAN	RUDSUB	SCHSCO	GL	ALT	10/27/2017
			1290.5	-0.1	0	0	72	885.9	0	-0.1	80	28.7	0.8	44.7	28.3	54.7	55.8	1	38.8		
			Tot. Weight	4.1	0	0	83.3	983.9	0	4.2	91.2	40	5.1	55.8	39.5	66	67.1	5.2	50.1		
			Bag Weight	4.2	0	0	11.3	98	0	4.3	11.2	11.3	4.3	11.1	11.2	11.3	11.3	4.2	11.3		
200	Mono	ECHPAL	172.2	164.1	21.4	29.5	40.8	11.3													11/14/2017
202	Mono	CXMOLE	116.2	141.8	48.2	22.6	26.8	4.2													11/20/2017
203	Mono	PENHIR	152.5	157.6	21.2	16.1	27.4	11.3													11/14/2017
204	Mono	ANECYL	0.6	11.8	11.2	0															11/14/2017
205	Plug	LL.660073.rep1	Total B	PANVIR	PYCVIR	JUNDUD	CAMROT	DESILL	MONBRA	SOLNEM	CXBICK	ASTCAN	HELOCC	SCHSCO	CORPAL	ERYYUC	VERVIR	CXBREV	GL		11/7/2017
			693.7	60	7.1	11.5	0	2.1	3.8	11.1	5.2	90	328.7	10	117.2	17.5	1.9	4.9	22.7		
			Tot. Weight	71.2	11.3	22.7		6.4	8	15.3	9.5	111.2	377.7	14.3	138.4	21.8	6.1	9.1	26.9		
			Bag Weight	11.2	4.2	11.2		4.3	4.2	4.2	4.3	21.2	49	4.3	21.2	4.3	4.2	4.2	4.2		
206	Mono	POLBIC	0			0															
207	Mono	CXNORM	102.3	125.9	49.2	25.6	29.8	4.2													11/20/2017
208	Mono	ERASPE	50.7	61.9	11.2	0															11/14/2017
209	Mono	SORNUT	175.9	225.8	49.9	0															0
210	Mono	VERVIR	13.2	23.6	11.2	0.8	12.1	11.3													11/14/2017
211	Plug	HL.275733.rep1	Total B	ZIZAPT	BROKAL	OENPIL	JUNINT	ANECAN	SENMAR	SENHEB	HYPPUN	MONFIS	SISANG	ROSCAR	POTARU	BAPALB	CXBICK	VERVIR	GL		11/6/2017
			353.3	40.2	41.3	2.8	1.3	11.2	0	0.2	0	103.4	12.8	25.9	5.7	0.3	67.2	11.7	29.3		
			Tot. Weight	51.5	52.6	7.1	5.5	22.5		4.5		153.2	24.1	47.1	10	4.5	88.6	16	33.5		
			Bag Weight	11.3	11.3	4.3	4.2	11.3		4.3		49.8	11.3	21.2	4.3	4.2	21.4	4.3	4.2		
212	Mono	DALCAN	0			0															
213	Mono	SYMOOL	108.9	130.2	21.3	0															11/14/2017
214	Mono	SOLJUN	365.5	394.6	50.1	21	32.3	11.3													11/14/2017
218	Mono	ANTNEG	34	45.4	11.4	0															11/14/2017
219	Plug	HL.1403369.rep2	Total B	SILINT	ZIZAPT	GENAND	ZIZAUR	LESCAP	ALLCER	KOEMAC	ANECYL	VIOPDF	VERFAS	PARINT	PYCVIR	POLBIC	POTARU	HEURIC	GL	ALT	11/1/2017
			493.9	114	61.6	3.3	139.8	2.9	0	33	6.7	0	37.2	19.7	25.8	0	32.1	0.8	17		
			Tot. Weight	135.4	72.8	7.6	188	7.2		54.4	10.9	4.2	58.5	23.9	47.1		53.4	12	21.3		
			Bag Weight	21.4	11.2	4.3	48.2	4.3		21.4	4.2	4.2	21.3	4.2	21.3		21.3	11.2	4.3		
221	Mono	TRAOHI	62.5	81.1	21.2	2.6	13.8	11.2													11/14/2017
223	Plug	LH.1211957.rep2	Total B	ECHPUR	SYMLAE	CASCOC	PENHIR	AGASCR	AGATEN	SCHSCO	ECHPAL	HYPPUN	ELYCAN	THADAS	AGANEP	LILMIC	SORNUT	ERASPE	GL		11/7/2017
			783.4	36.3	3.4	0	71.7	40.6	0	2.5	32.8	0	150.2	9.9	301.8	0	36.6	3.6	94		
			Tot. Weight	40.5	7.7		82.9	51.8		6.7	37		171.5	14.1	350.8		47.9	7.8	105.3		
			Bag Weight	4.2	4.3		11.2	11.2		4.2	4.2		21.3	4.2	49		11.3	4.2	11.3		
225	Mono	HELSTR	0			0															
227	Mono	LIAPYC	102.5	113.7	11.2	0															
228	Mono	RATPIN	192.5	212.8	49.9	29.6	40.9	11.3													11/14/2017
229	Mono	ZIZAPT	67.4	74.7	21.3	14	25.3	11.3													11/14/2017
230	Plug	ML.585975.rep2	Total B	CXNORM	BAPALB	EUPALT	VERMIS	EUPCOR	PHLPIL	CXGRAV	GENAND	DALPUR	BRIEUP	MONBRA	PHYVIR	HYPPYR	CEAAME	ALLCAN	GL		11/7/2017
			235.9	48.9	0	5.2	12.6	0.6	0	45.5	7.8	0.8	1.1	15.5	81.1	0.2	0.7	0	15.9		
			Tot. Weight	60.2		9.4	16.8	4.8		56.8	19.1	5.2	5.4	19.8	92.4	4.5	4.9		20.2		
			Bag Weight	11.3		4.2	4.2	4.2		11.3	11.3	4.4	4.3	4.3	11.3	4.3	4.2		4.3		
231	Mono	SYMNOV	290.8	339.4	48.6	16.9	28.1	11.2													11/14/2017
232	Mono	ANECYL	30.7	42	11.3	0															11/14/2017
233	Mono	PENHIR	118.6	140	21.4	2.4	13.6	11.2													11/14/2017
234	Plug	LH.1773854.rep2	Total B	ASCHIR	ERASPE	DSMILL	BAPALB	ANDGER	HELPAU	SPOHET	PENDIG	RUDFUL	SORNUT	DESILL	PENHIR	ROSSET	SENMAR	ASCVER	GL		11/6/2017
			550.2	0	0.7	0	0	0.8	268.7	0.6	0	212	0	0	47.5	0	0	3.9	16		
			Tot. Weight		4.9			5	316.9	4.8		233.4			58.6			8.1	20.2		
			Bag Weight		4.2			4.2	48.2	4.2		21.4			11.1			4.2	4.2		
235	Mono	CORPAL	101.1	112.3	11.2	0															11/14/2017
236	Mono	CEAAME	29.8	23.2	11.2	17.8	28.9	11.1													11/14/2017
237	Mono	HIEODO	0			0															
239	Mono	ECHPAL	149.6	136.9	21.1	33.8	44.9	11.1													11/14/2017
240	Plug	LL.1368877.rep2	Total B	HELAUT	HIEODO	DESILL	ECHPUR	KOEMAC	BAPALB	PYCVIR	GENAND	HYPPYR	OENPIL	AGASCR	SOLJUN	ELYCAN	BROKAL	RUEHUM	GL		11/3/2017
			739.2	146.2	32.8	0	10.8	42.9	0.4	66.1	10.7	26.5	8.2	16.8	362.3	15.2	0	0.3	6.3		
			Tot. Weight	167.4	44.1		15.1	54.2	4.7	77.3	14.9	30.8	12.5	21.1	410.3	19.5		4.5	10.5		
			Bag Weight	21.2	11.3		4.3	11.3	4.3	11.2	4.2	4.3	4.3	4.3	48	4.3		4.2	4.2		
241	Mono	VERVIR	29.4	25.5	11.3	15.2	26.4	11.2													11/14/2017
242	Mono	ASTCAN	57.1	68.4	11.3	0															11/14/2017
243	Plug	CONTROL																			
244	Mono	RUDSUB	220.7	261.1	49.8	9.4	20.6	11.2													11/14/2017
245	Mono	RUEHUM	41	32.6	11.4	19.8	24	4.2													11/20/2017
247	Mono	CXMOLE	166.2	192.8	48	21.4	25.7	4.3													11/20/2017
248	Mono	MONBRA	151.9	158.9	22.5	15.5	26.6	11.1													11/1/2017
249	Mono	VERMIS	35.7	37	11.3	10	21.3	11.3													11/14/2017
250	Mono	ERASPE	8.6	19.9	11.3	0															11/14/2017
251	Mono	SOLSPE	216.6	238	21.4	0															11/14/2017
254	Mono	POLBIC	0			0															
256	Mono	RUDTRI	146.3	141.8	21.2	25.7	29.9	4.2													11/16/2017
257	Mono	SYMOOL	149.7	161.9	21.3	9.1	13.4	4.3													11/16/2017
258	Mono	HELPAU	305.9	152.7	48.1	201.3	212.6	11.3													11/16/2017
260	Mono	MONFIS	309.9	303.9	21.5	27.5	31.8	4.3													11/16/2017
261	Mono	MAIRAC	0			0															
262	Mono	CHAFAS	406.8	327.1	69.2	148.9	153.2	4.3													11/16/2017
263	Mono	JUNINT	4.4	8.6	4.2	0															11/16/2017
264	Mono	SYMSER	213.6	87	11.3	137.9	142.1	4.2													11/16/2017
266	Plug	MH.1825752.rep2	Total B	VERSTR	LILMIC	ALLCAN	CXBLAN	ASCSYR	RATPIN	DALCAN	SPOHET	BAPBRA	VERGIG	GENAND	AMOCAN	SENHEB	BOUCUR	SOLNEM	GL		11/7/2017
			222.9	0.7	0	0	24.6	0	132.1	0.1	0	0.2	22.1	1	1.3	1	5.3	34.5	0		
			Tot. Weight	4.9			36.1		153.3	4.4		4.5	33.3	5.2	5.6	5.3	9.6	45.8	0		
			Bag Weight	4.2			11.5		21.2	4.3		4.3	11.2	4.2	4.3	4.3	4.3	11.3	0		
267	Mono	ROSSET	149.7	193.3	59.7	16.1	20.5	4.4													11/16/2017
269	Mono	SPOHET	29.4	78.9	49.5	0															11/16/2017
271	Plug	LL.653844.rep2	Total B	AGANEP	DALPUR	HELHEL	VIOPDF	ASCTUB	SOLNEM	OENPIL	RUDHIR	BLECIL	ASCSUL	CXGRAV	BAPBRA	ASCHIR	AGASCR	PYCVIR	GL	ALT	10/27/2017
			756.9	539	0	12.8	0	1.1	12.1	17.5	1.2	0	6.4	9.4	0.5	0	0.3	94.8	61.8		
			Tot. Weight	588.5	4.2	24.1		5.3	16.4	28.7	5.5		10.7	13.6	4.8		4.5	116	66.1		
			Bag Weight	49.5	4.2	11.3		4.2	4.3	11.2	4.3		4.3	4.2	4.3		4.2	21.2	4.3		
272	Mono	ANDGER	140.5	187.6	49.8	2.7	7	4.3													11/16/2017
273	Plug	ML.1623993.rep2	Total B	SYMLAE	POTARU	PENHIR	SENMAR	SYMSER	DSMILL	TEUCAN	DESILL	RUDSUB	MONFIS	BAPALB	KOEMAC	PHLPIL	POLBIC	ASCSYR	GL	ALT	11/1/2017
			678.6	0.5	20.9	18.4	0	0.7	0	22.5	0	213.2	309.2	0.8	47	0	0	0	45.4		
			Tot. Weight	4.7	32.1	29.6		5		43.8		234.6	357.4	5	58.2	4.2			56.6		
			Bag Weight	4.2	11.2	11.2		4.3		21.3		21.4	48.2	4.2	11.2	4.2			11.2		
274	Mono	ECHPUR	100.4	104.6	11.4	7.2	11.4	4.2													11/17/2017
275	Mono	SYMERI	343.8	393.6	49.8	0															11/16/2017
276	Mono	GENAND	52.9	59.1	11.1	4.9	9.2	4.3													11/16/2017
278	Plug	MH.1666090.rep2	Total B	ALLCAN	PYCVIR	ARNPLA	POLREP	DSMILL	ANDGER	LESCAP	ROSSET	ROSBLA	ROSCAR	HEURIC	SILLAC	AGATEN	BOUCUR	ERASPE	GL		11/7/2017
			457.5	0	71.7	0	-0.2	0	3.9	0.1	94.7	0	207.7	15.8	14	0	9.6	2.8	37.4		
			Tot. Weight		83		4.1		8.2	4.3	115.9		250.3	20	25.3		13.8	7.1	41.7		
			Bag Weight		11.3		4.3		4.3	4.2	21.2		42.6	4.2	11.3		4.2	4.3	4.3		
279	Mono	SENHEB	62.8	65.2	11.3	8.9	13.2	4.3													11/16/2017
280	Mono	BROKAL	11	19	11.3	3.3	7.5	4.2													11/16/2017
281	Plug	HH.1018148.rep2	Total B	ASCHIR	VIOPDF	CASCOC	CHAFAS	ERYYUC	SISANG	ALLCAN	SPOHET	SILLAC	HEURIC	BROKAL	ANECYL	BAPALB	AGATEN	CXBLAN	GL		10/31/2017
			330.5	0	0	0	112.6	14.8	25.8	0.7	28.6	28.3	42.4	0.8	1.1	4.2	0	13.1	58.1		
			Tot. Weight				133.9	19	37.1	4.9	39.8	32.5	53.7	5.1	5.4	8.5	4.3	17.4	62.4		
			Bag Weight				21.3	4.2	11.3	4.2	11.2	4.2	11.3	4.3	4.3	4.3	4.3	4.3	4.3		
282	Mono	SILINT	128.1	144.1	21.4	5.4	9.7	4.3													11/16/2017
283	Mono	AGANEP	231.7	252.5	49.6	28.8	40	11.2													11/16/2017
284	Plug	HH.1709432.rep2	Total B	CEAAME	AGANEP	ROSSET	MAIRAC	TRAOHI	ZIZAPT	VIOPDF	HELHEL	ASCTUB	JUNDUD	ERASPE	THADAS	HELMOL	POLREP	BAPBRA	GL	ALT	10/27/2017
			676.6	2.5	84.9	9.2	0	7.1	4.1	0	12.5	0	3.9	1.1	1.5	535.8	3.5	0	10.5		
			Tot. Weight	6.8	96.1	13.5		11.4	8.4		16.8		8.2	5.4	5.7	596.7	7.8		14.8		
			Bag Weight	4.3	11.2	4.3		4.3	4.3		4.3		4.3	4.3	4.2	60.9	4.3		4.3		
285	Mono	ERYYUC	118.3	139.6	21.3	0															11/16/2017
288	Plug	HL.275733.rep2	Total B	SENHEB	JUNINT	SENMAR	ZIZAPT	BROKAL	VERVIR	ANECAN	OENPIL	MONFIS	CXBICK	SISANG	HYPPUN	POTARU	BAPALB	ROSCAR	GL	ALT	10/30/2017
			310.2	0	0.5	0	12.7	3.3	4.1	18.5	0	156.4	1.8	19.1	0	3.5	0	70.8	19.5		
			Tot. Weight		4.7		12.9	7.6	8.4	22.7		177.7	6.1	30.3		7.7		81.9	23.7		
			Bag Weight		4.2		0.2	4.3	4.3	4.2		21.3	4.3	11.2		4.2		11.1	4.2		
289	Mono	PYCTEN	255.6	266.7	21.2	10.1	14.3	4.2													11/17/2017
290	Mono	RUDFUL	320.1	358.4	48.1	9.8	14	4.2													11/16/2017
291	Plug	LL.567931.rep2	Total B	SISANG	PYCVIR	PYCTEN	CXBICK	CXNORM	VERMIS	CXANNE	CXMOLE	EUPCOR	RUDHIR	VERSTR	DODMEA	PENDIG	RUEHUM	BLECIL	GL		11/8/2017
			78.8	2.5	0	0	0	49.2	0	0	0	0	6	0	0	21.1	0	0	0		
			Tot. Weight	6.8				70.5					10.2			32.5			0		
			Bag Weight	4.3				21.3					4.2			11.4			0		
294	Mono	ASCHIR	3.5	6	4.3	1.8	6.1	4.3													11/16/2017
296	Plug	LL.660073.rep2	Total B	SCHSCO	CORPAL	ASTCAN	CAMROT	CXBREV	CXBICK	ERYYUC	DESILL	PANVIR	SOLNEM	HELOCC	JUNDUD	VERVIR	PYCVIR	MONBRA	GL		11/6/2017
			528.6	11.4	9.4	35.6	0	13.8	2.2	12.6	0	65.2	36.9	308.6	0.4	0	10.1	22.4	0		
			Tot. Weight	15.6	13.6	46.8		18	6.4	16.8		86.5	41.1	330	4.7		14.3	33.6	0		
			Bag Weight	4.2	4.2	11.2		4.2	4.2	4.2		21.3	4.2	21.4	4.3		4.2	11.2	0		
297	Mono	DESILL	102.1	76.4	11.2	36.9	41.1	4.2													11/16/2017
298	Mono	ALLCER	2.9	24.2	21.3	0															11/16/2017
299	Mono	SYMLAE	294.7	344.1	49.4	0															11/16/2017
300	Plug	MH.75072.rep2	Total B	DESCAN	ASCSUL	SOLNEM	HELSTR	BROKAL	CXBLAN	LILMIC	SILTER	CASCOC	ASCVER	MAIRAC	PHYVIR	BAPBRA	DSMILL	AGATEN	GL		10/31/2017
			239.9	4.3	0	57.6	3.5	0.6	65.4	0	16.8	0.3	0.7	0	60.8	0.8	0.6	0	28.5		
			Tot. Weight	4.6		78.9	7.8	4.9	86.5		21.1	4.6	5		72.2	5.1	4.8		32.8		
			Bag Weight	0.3		21.3	4.3	4.3	21.1		4.3	4.3	4.3		11.4	4.3	4.2		4.3		
302	Mono	VIOPDF	0			0															
303	Mono	BRIEUP	84.9	99.3	21.2	6.8	11.1	4.3													11/16/2017
304	Mono	SISANG	50.9	68.3	21.1	3.7	8	4.3													11/16/2017
306	Mono	PHLPIL	3.9	8.2	4.3	0															11/16/2017
307	Mono	CXGRAV	72.5	119.1	49.6	3	7.3	4.3													11/17/2017
308	Mono	CXBICK	22.2	33.4	11.2	0															11/17/2017
309	Plug	ML.975885.rep2	Total B	RUDTRI	DALPUR	VERSTR	KOEMAC	SISANG	AGASCR	ARNPLA	PYCVIR	HEURIC	ROSBLA	AGANEP	SILINT	MONBRA	ZIZAPT	ASCHIR	GL		11/8/2017
			350.6	4.6	0.4	0.3	1.5	12.7	50.4	2.7	82.5	3.9	32.3	35.8	2.9	20.1	28.7	0	71.8		
			Tot. Weight	8.9	4.7	4.6	5.8	23.8	61.6	6.9	103.7	8.2	43.5	47	7.2	31.3	39.8		83.2		
			Bag Weight	4.3	4.3	4.3	4.3	11.1	11.2	4.2	21.2	4.3	11.2	11.2	4.3	11.2	11.1		11.4		
310	Mono	PENDIG	175.7	183.8	21.2	13.1	17.4	4.3													11/17/2017
311	Mono	LIASPI	125.4	125.4	11.2	11.2	15.5	4.3													11/17/2017
313	Mono	VERSTR	148.8	160.1	11.3	0															11/17/2017
314	Mono	ARNPLA	70.6	69.8	11.3	12.1	16.4	4.3													11/17/2017
317	Mono	LESCAP	4.7	9	4.3	0															11/17/2017
318	Plug	HL.1338677.rep2	Total B	CAMROT	ASCSUL	DODMEA	OENPIL	MAIRAC	VIOPDF	HYPPYR	DSMILL	HELMOL	MONFIS	VERSTR	CXANNE	ERYYUC	HELHEL	RUEHUM	GL		
			271.8	0	2.4	0	24.8	0	0	0.1	-0.1	3.2	61.1	0	78.5	31.3	58.5	0.1	11.9		
			Tot. Weight		6.7		36			4.3	4.2	7.5	82.5		89.7	42.5	69.7	4.4	16.1		
			Bag Weight		4.3		11.2			4.2	4.3	4.3	21.4		11.2	11.2	11.2	4.3	4.2		
319	Plug	MH.928535.rep2	Total B	HIEODO	PENHIR	DSMILL	KOEMAC	BROKAL	HEURIC	LILMIC	SENHEB	ALLCAN	SILTER	PANVIR	BAPBRA	HELMOL	DODMEA	VERMIS	GL		11/6/2017
			499.3	4.7	0	0	28.5	0.1	76.1	0	2.9	0.2	25	5.9	0	345.7	0.1	0.5	9.6		
			Tot. Weight	8.9			32.7	4.3	87.3		7.2	4.4	36.2	10.1		394.2	4.4	4.7	4.2		
			Bag Weight	4.2			4.2	4.2	11.2		4.3	4.2	11.2	4.2		48.5	4.3	4.2	0		
320	Plug	ML.628076.rep2	Total B	POLREP	RUDSUB	PHLPIL	SCHSCO	SYMOOL	PYCPIL	SYMERI	CAMROT	VIOPDF	ELYCAN	CXANNE	OENPIL	POTARU	MONBRA	DALPUR	GL		10/31/2017
			648.9	1.5	61.7	0	3.7	19.7	5.1	457.1	0	0	21.9	42.2	16.5	2.6	2	0	14.9		
			Tot. Weight	5.7	83		7.9	31	9.4	505			33.2	53.5	20.7	6.9	6.2		19.2		
			Bag Weight	4.2	21.3		4.2	11.3	4.3	47.9			11.3	11.3	4.2	4.3	4.2		4.3		
321	Plug	LH.389271.rep2	Total B	CXBLAN	ASCHIR	CXMOLE	ANTNEG	JUNTEN	AGANEP	CHAFAS	SENMAR	LIAPYC	AGATEN	BLECIL	SOLNEM	BROKAL	CASCOC	ERASPE	GL		11/3/2017
			521.1	18.8	0	39.5	0.1	2.2	393.6	0	1.2	4.6	0	11.5	0	0	0	0	49.6		
			Tot. Weight	23		50.7	4.3	6.4	441.7		5.4	8.8	4.3	15.8					53.8		
			Bag Weight	4.2		11.2	4.2	4.2	48.1		4.2	4.2	4.3	4.3					4.2		
322	Mono	ANEVIR	0																		
323	Plug	HH.623705.rep2	Total B	ALLCAN	AMOCAN	ZIZAPT	VIOPDF	SILTER	JUNTEN	ZIZAUR	HYPPYR	POLBIC	CHAFAS	ERASPE	SISANG	CASCOC	CEAAME	ERYYUC	GL	ALT	11/1/2017
			156	0	0.1	2.8	0.1	22.7	0.2	64.8	3.3	0	0	0	15.1	0	0.4	40.1	6.4		
			Tot. Weight		4.4	7.1	4.3	27	4.5	76	7.6				19.4		4.6	61.5	10.6		
			Bag Weight		4.3	4.3	4.2	4.3	4.3	11.2	4.3				4.3		4.2	21.4	4.2		
324	Mono	CASCOC	0			0															
325	Mono	CXBREV	37.7	49	11.3	0															11/17/2017
326	Mono	PYCPIL	20.3	26.5	11.4	5.2	9.4	4.2													11/17/2017
327	Plug	CONTROL																			
328	Mono	LIAASP	189.2	210.6	21.4	3.9	8.2	4.3													11/17/2017
329	Mono	HELAUT	339.7	389.4	49.7	0															11/17/2017
330	Mono	VERFAS	94.7	144.4	49.7	37	41.3	4.3													11/17/2017
332	Mono	SILLAC	105.1	126.5	21.4	1.1	5.4	4.3													11/17/2017
333	Plug	LH.1681808.rep2	Total B	CASCOC	CXBICK	LIASPI	OLIRIG	AMOCAN	AGANEP	SPOHET	SCHSCO	KOEMAC	CXNORM	POLBIC	BRIEUP	SORNUT	CEAAME	CXBLAN	GL	ALT	10/30/2017
			911.1	0	1.7	7.5	347.7	0	302.2	1.5	2.3	11.1	13.9	0	6.1	115.1	6.6	49.6	45.8		
			Tot. Weight		6	11.7	380.3		352.2	5.8	6.6	15.4	25.1		10.4	157.7	10.9	70.8	56.9		
			Bag Weight		4.3	4.2	32.6		50	4.3	4.3	4.3	11.2		4.3	42.6	4.3	21.2	11.1		
334	Mono	AGASCR	109.7	121.1	11.4	0															11/17/2017
336	Mono	DALPUR	0.9	5.1	4.2	0															11/17/2017
338	Mono	CAMSCI	0			0															
339	Mono	LIASCN	98.4	109.7	11.3	0															11/17/2017
340	Mono	CXNORM	34.7	55.2	21.3	0.8	5.1	4.3													11/17/2017
341	Mono	POTARU	70.6	81.9	11.3	0															11/17/2017
342	Mono	AMOCAN	14.3	7.9	4.3	10.7	15	4.3													11/17/2017
344	Mono	SOLJUN	319.1	331.7	21.4	8.8	13.1	4.3													11/17/2017
345	Mono	DSMILL	308.4	329.8	21.4	0															11/17/2017
346	Plug	HL.246518.rep2	Total B	OENPIL	TEUCAN	POTARU	VERGIG	BLECIL	ANECYL	ASCTUB	DALPUR	EUPCOR	ASCHIR	TRAOHI	LILMIC	MAIRAC	BRIEUP	CXGRAV	GL		11/7/2017
			220	4.8	20.6	35.4	0	33.5	13.2	0	0.2	0	0	42.1	0	0	0.5	58.2	11.5		
			Tot. Weight	9	31.8	46.7		44.7	17.5		4.5			53.4			4.7	79.6	15.7		
			Bag Weight	4.2	11.2	11.3		11.2	4.3		4.3			11.3			4.2	21.4	4.2		
347	Mono	CXANNE	158.5	179.8	21.3	0															11/20/2017
350	Mono	TEUCAN	77.8	54	11.3	35.1	39.3	4.2													11/20/2017
351	Mono	LILMIC	0			0															
352	Mono	THADAS	15.5	21.5	11.2	5.2	9.5	4.3													11/21/2017
353	Mono	DALCAN	1	4.4	4.3	0.9	5.2	4.3													11/20/2017
356	Plug	HH.1124950.rep2	Total B	ELYCAN	LILMIC	CXBICK	POLBIC	ECHPAL	ANEVIR	SYMNOV	AMOCAN	RUDFUL	POLREP	BAPBRA	OENPIL	SPOHET	PHYVIR	ROSCAR	GL		11/7/2017
			417	0.7	0	6.4	0	11.8	0	222.2	0	123.1	1.3	0.6	8.9	3.9	8.2	29.9	0		
			Tot. Weight	5		10.6		16.1		270.6		144.3	5.6	4.9	13.2	8.2	19.5	41.1	0		
			Bag Weight	4.3		4.2		4.3		48.4		21.2	4.3	4.3	4.3	4.3	11.3	11.2	0		
357	Mono	SORNUT	123	144.1	21.1	0															11/21/2017
358	Mono	OENPIL	28.4	39.6	11.2	0															
359	Mono	BAPALB	3.7	6.5	4.2	1.4	5.6	4.2													11/20/2017
360	Mono	HYPPYR	30.6	41.8	11.2	0															0
361	Mono	ALLCAN	7	5.1	4.2	6.1	10.4	4.3													11/20/2017
362	Mono	ASCSYR	1	5.3	4.3	0															
363	Mono	OLIRIG	280.8	252.7	21.2	49.3	60.5	11.2													
366	Mono	HEURIC	46.7	57.9	11.2	0															11/20/2017
367	Mono	JUNTEN	8	12.3	4.3	0															11/20/2017
368	Plug	HL.456657.rep2	Total B	CAMROT	SENHEB	HEURIC	VERVIR	ZIZAPT	MONFIS	AMOCAN	SYMNOV	ANECYL	HYPPUN	ALLCAN	VERGIG	CHAFAS	KOEMAC	ASCTUB	GL		11/8/2017
			1436.6	0	6.6	2.9	0.8	0	156.5	0	1091.3	17	0	1.9	3.3	82.5	19	10	44.8		
			Tot. Weight		17.8	7.1	5.1		177.7		1189.1	28.1		6.2	7.6	93.7	30.2	14.2	49.1		
			Bag Weight		11.2	4.2	4.3		21.2		97.8	11.1		4.3	4.3	11.2	11.2	4.2	4.3		
369	Plug	LL.305726.rep2	Total B	PYCVIR	ASCSUL	PHYVIR	AMOCAN	ZIZAPT	BLECIL	PYCTEN	HELOCC	PYCPIL	ASCSYR	HELPAU	CAMROT	ROSCAR	MAIRAC	EUPALT	GL		11/7/2017
			643.7	8.7	0	27.5	0.7	0.3	0	61.7	30.5	0	0	455.7	0	6.9	0	0	51.7		
			Tot. Weight	13		38.7	4.9	4.5		73	41.7			504.8		18.1			62.8		
			Bag Weight	4.3		11.2	4.2	4.2		11.3	11.2			49.1		11.2			11.1		
370	Mono	CAMROT	11.6	22.1	11.2	0.7	5	4.3													11/20/2017
372	Mono	VERGIG	4.4	8.7	4.3	0															11/20/2017
378	Mono	KOEMAC	46.7	58.1	11.4	0															
379	Plug	HH.1374866.rep2	Total B	SPIALB	MAIRAC	HELSTR	CAMSCI	CXBREV	HIEODO	TEUCAN	SILLAC	ANEVIR	TRAOHI	ZIZAPT	CHAFAS	SORNUT	ROSCAR	ANECYL	GL		11/3/2017
			295	0	0	0	0	17.8	6.3	4.8	0	20.2	12.1	40.8	43.8	144	5.2	0	0		
			Tot. Weight					22.1	10.5	9		31.4	16.4	52.1	55.1	192	9.5		0		
			Bag Weight					4.3	4.2	4.2		11.2	4.3	11.3	11.3	48	4.3		0		
380	Plug	MH.1987913.rep2	Total B	ALLCER	ROSCAR	HEURIC	PARINT	CAMSCI	DALPUR	TRAOHI	SOLNEM	PANVIR	EUTGRA	CXBLAN	HIEODO	MONBRA	JUNDUD	ANDGER	GL		11/3/2017
			471.9	0	0.5	0	92.8	0	3.4	19.2	5.9	12.6	261.3	31.7	22.6	15.4	6.5	0	0		
			Tot. Weight		4.8		114		7.7	30.5	10.1	16.9	309.5	42.8	33.9	26.6	10.8		0		
			Bag Weight		4.3		21.2		4.3	11.3	4.2	4.3	48.2	11.1	11.3	11.2	4.3		0		
381	Plug	ML.7316.rep2	Total B	ZIZAUR	PYCTEN	DESILL	CXBLAN	OLIRIG	AGANEP	PHYVIR	ECHPUR	ASCSYR	ANECYL	OENPIL	HYPPUN	CAMROT	SILLAC	ZIZAPT	GL	ALT	10/26/2017
			683.6	12.7	0.5	2	24.9	174.6	295.6	34.2	3.5	0.1	5	28.6	0	-0.1	1	15.4	85.6		
			Tot. Weight	17	4.8	6.3	29.2	196	344.7	45.4	7.7	4.4	9.3	39.8		4.3	5.2	19.6	96.8		
			Bag Weight	4.3	4.3	4.3	4.3	21.4	49.1	11.2	4.2	4.3	4.3	11.2		4.4	4.2	4.2	11.2		
382	Mono	EUPCOR	41.4	46.1	11.3	6.6	10.9	4.3													11/20/2017
384	Mono	HELMOL	605.3	655.2	49.9	0															11/20/2017
385	Mono	AGATEN	1.7	5.9	4.2	0															
386	Mono	SILTER	71.2	80	11.3	2.5	6.7	4.2													11/20/2017
388	Mono	ASCVER	6.1	17.3	11.2	0															
390	Mono	SCHSCO	58.5	79.8	21.3	0															0
391	Mono	EUPALT	135.4	168	49.8	17.2	21.4	4.2													11/20/2017
392	Plug	MH.831258.rep2	Total B	LILMIC	BAPALB	BAPBRA	VERGIG	ERASPE	ERYYUC	CEAAME	PENDIG	ALLCER	OLIRIG	SENHEB	AGATEN	ASCSYR	HELMOL	MONBRA	GL	ALT	10/26/2017
			345.9	0	1	0.7	10.9	16.3	11	0.1	23.4	3.1	255.9	0.3	0.1	0	2.1	21	0		
			Tot. Weight		5.2	5	15.2	31.7	22.1	4.4	34.7	7.4	305.1	4.5	4.3		6.4	32.1	0		
			Bag Weight		4.2	4.3	4.3	15.4	11.1	4.3	11.3	4.3	49.2	4.2	4.2		4.3	11.1	0		
394	Mono	DESCAN	55.2	27.7	11.1	38.6	42.8	4.2													11/17/2017
396	Plug	HH.782981.rep2	Total B	LIASCN	HELAUT	ANECAN	PYCVIR	OENPIL	ALLCAN	ROSCAR	SOLSPE	CXBICK	ZIZAPT	ROSSET	CEAAME	AMOCAN	AGATEN	TRAOHI	GL	ALT	10/26/2017
			926.7	81.9	200.1	0.5	52.6	14.6	3.2	16.8	469.7	3.2	0.5	33.5	0.7	0	0	3.6	45.8		
			Tot. Weight	103.3	249.6	4.8	63.8	18.9	7.5	28.1	519.2	7.5	4.8	44.7	5			7.8	57		
			Bag Weight	21.4	49.5	4.3	11.2	4.3	4.3	11.3	49.5	4.3	4.3	11.2	4.3			4.2	11.2		
397	Plug	LH.236970.rep2	Total B	BRIEUP	BAPBRA	LIAASP	CHAFAS	LIAPYC	ELYCAN	BOUCUR	CXBLAN	ERYYUC	PANVIR	CXANNE	AMOCAN	SORNUT	AGANEP	CASCOC	GL	ALT	10/26/2017
			757.4	190.1	0	19.1	0	33.7	24.4	1	16.3	17.8	12.9	17.4	0.3	27.5	396.9	0	39.6		
			Tot. Weight	211.4		23.4		44.9	35.5	5.3	27.5	22.1	17.1	28.5	4.5	38.6	446.1		50.9		
			Bag Weight	21.3		4.3		11.2	11.1	4.3	11.2	4.3	4.2	11.1	4.2	11.1	49.2		11.3		
399	Mono	SPIALB	153	136.5	49.8	66.3	77.6	11.3													11/20/2017
400	Mono	ZIZAUR	64	85.3	21.3	0															11/20/2017
401	Mono	ASCTUB	3.7	14.9	11.2	0															0
403	Plug	CONTROL																			
407	Mono	HYPPUN	0			0															
408	Mono	POLREP	12.8	17.1	4.3	0															11/20/2017
410	Mono	EUTGRA	257.6	307.4	49.8	13.7	18	4.3													11/20/2017
411	Mono	PYCVIR	76	126	50	44.6	48.8	4.2													11/20/2017
412	Plug	ML.520465.rep2	Total B	CXNORM	POTARU	DALPUR	ROSBLA	CXGRAV	PENHIR	HEURIC	JUNINT	SILLAC	MONFIS	SPOHET	DALCAN	HYPPYR	SYMERI	EUPALT	GL	ALT	10/26/2017
			981	12.9	143.3	0	1.8	5.1	26.4	7.9	1.2	10.7	173.9	5.1	0	10.5	551.6	2	28.6		
			Tot. Weight	24.1	164.7		6	9.4	30.6	12.1	5.4	15	195.3	9.4		14.8	649.4	6.3	32.9		
			Bag Weight	11.2	21.4		4.2	4.3	4.2	4.2	4.2	4.3	21.4	4.3		4.3	97.8	4.3	4.3		
413	Mono	ROSBLA	100.6	121.9	21.3		60.5	4.3													11/20/2017
414	Plug	LH.1417663.rep2	Total B	CXBLAN	HIEODO	SENHEB	DSMILL	CXBICK	ALLCER	CASCOC	BOUCUR	CHAFAS	CXBREV	PENHIR	SORNUT	PYCPIL	ANECAN	ANDGER	GL	ALT	10/17/2017
			449.5	22.3	62.7	0	27.7	20.9	0	0	0	0.4	48.2	2	144.8	0	0	120.5	0		
			Tot. Weight	33.5	73.9		38.9	32.1				4.7	59.4	6.2	166.1	4.3		131.7	0		
			Bag Weight	11.2	11.2		11.2	11.2				4.3	11.2	4.2	21.3	4.3		11.2	0		
415	Mono	HELOCC	158	166.4	49.8	41.4	52.6	11.2													11/20/2017
416	Mono	PHYVIR	61.9	83.2	21.3	0															11/20/2017
417	Mono	JUNDUD	15.2	26.6	11.4	0															11/20/2017
419	Mono	CXBLAN	83.2	94.5	21.3	10	14.3	4.3													11/20/2017
420	Mono	ELYCAN	174.4	235.4	61	0															11/20/2017
421	Mono	BOUCUR	52.9	74.3	21.4	0															11/17/2017
422	Mono	ROSCAR	366.2	391.8	50	24.4	35.6	11.2													11/20/2017
423	Mono	ASCSUL	0			0															
424	Plug	LL.1091767.rep2	Total B	ELYCAN	CXBICK	HELHEL	LESCAP	VERSTR	ERASPE	MONFIS	MONBRA	CAMROT	BRIEUP	BAPALB	PYCVIR	JUNDUD	HELMOL	ASCSUL	GL	ALT	10/30/2017
			754	3	4.5	115.4	0.4	0.3	0	95.7	24.6	0	1.6	0	33.7	0	436.5	3.8	34.5		
			Tot. Weight	11.5	8.9	136.7	4.7	4.6	4.2	116.8	35.9		5.9		44.9	4.3	484.8	8	45.7		
			Bag Weight	8.5	4.4	21.3	4.3	4.3	4.2	21.1	11.3		4.3		11.2	4.3	48.3	4.2	11.2		
425	Mono	PARINT	72.7	94	21.3	13.1	24.3	11.2													11/20/2017
427	Mono	RUDHIR	0			0															
428	Mono	HELHEL	9.2	20.3	11.1	7.1	11.3	4.2													11/20/2017
429	Plug	HL.1817876.rep2	Total B	SENHEB	CEAAME	TEUCAN	AGASCR	DALPUR	EUPCOR	POLBIC	PHLPIL	ANECYL	PARINT	ANDGER	HYPPUN	ASCSYR	GENAND	MONBRA	GL		11/7/2017
			177.2	0.1	2	5.8	47.9	3.5	0	0	0.6	1.5	76	14.2	0.8	0.7	0.6	10	13.5		
			Tot. Weight	4.4	6.3	10.1	59.2	7.7			4.9	5.7	87.2	18.5	5.1	4.9	4.8	14.3	17.7		
			Bag Weight	4.3	4.3	4.3	11.3	4.2			4.3	4.2	11.2	4.3	4.3	4.2	4.2	4.3	4.2		
430	Mono	SENMAR	12.2	22.8	11.3	0.7	5	4.3													11/20/2017
431	Mono	PANVIR	84.1	34.6	4.2	53.7	58	4.3													11/20/2017
433	Mono	SOLNEM	184.2	182.3	21.3	23.2	27.5	4.3													11/20/2017
434	Mono	BAPBRA	3.1	6.2	4.3	1.2	5.4	4.2													11/20/2017
435	Mono	ANECAN	66.7	66.7	11.2	11.2	22.4	11.2													11/20/2017
436	Mono	DODMEA	2.6	0	0	2.6	14	11.4													11/20/2017
437	Mono	BLECIL	47.8	55.2	11.3	3.9	15.2	11.3													11/20/2017
